,logl,unrestricted.logl,baseline.logl,nvar,nobs,npar,df,objective,chisq,pvalue,baseline.chisq,baseline.df,baseline.pvalue,nfi,pnfi,tli,nnfi,rfi,ifi,rni,cfi,rmsea,rmsea.ci.lower,rmsea.ci.upper,rmsea.pvalue,aic.ll,aic.ll2,aic.x,aic.x2,bic,bic2,ebic.25,ebic.5,ebic.75,ebic1
df1.unpruned,-1077935.733,-1074174.077,-1224867.72,66,2277,1012,1265,34.72844893,7523.313161,0,301387.286,2145,0,0.975037722,0.575022246,0.964537357,0.964537357,0.957672659,0.979147456,0.979086134,0.979086134,0.017671144,0.017286714,0.018057773,1,2157895.467,2158033.721,4993.313161,9547.313161,2165657.996,2162441.933,2169897.926,2174137.857,2177529.801,2182617.718
df2.unpruned,-1073650.648,-1069886.851,-1218235.839,66,2277,1012,1265,34.18286503,7527.59372,0,296697.9756,2145,0,0.974628766,0.574781067,0.963948147,0.963948147,0.956979212,0.978801981,0.978738651,0.978738651,0.017677187,0.017292768,0.018063804,1,2149325.296,2149463.551,4997.59372,9551.59372,2157087.825,2153871.762,2161327.756,2165567.686,2168959.631,2174047.548
df3.unpruned,-1102376.362,-1098492.299,-1244752.786,66,2277,1012,1265,37.84953228,7768.126272,0,292520.9731,2145,0,0.973444207,0.574082481,0.962024957,0.962024957,0.954970613,0.977672127,0.977604462,0.977604462,0.018013459,0.017629686,0.018399413,1,2206776.724,2206914.979,5238.126272,9792.126272,2214539.253,2211323.19,2218779.184,2223019.114,2226411.059,2231498.976
df4.unpruned,-1098388.913,-1094374.838,-1238120.905,66,2277,1012,1265,37.3415216,8028.149488,0,287492.133,2145,0,0.972075238,0.57327514,0.959810533,0.959810533,0.952649316,0.976371389,0.97629852,0.97629852,0.018370058,0.017986931,0.018755345,1,2198801.826,2198940.081,5498.149488,10052.14949,2206564.355,2203348.292,2210804.286,2215044.216,2218436.161,2223524.077
df5.unpruned,-1083831.854,-1080284.986,-1224721.584,66,2277,1012,1265,35.56406408,7093.736321,0,288873.1966,2145,0,0.975443425,0.575261507,0.96553004,0.96553004,0.95836059,0.979733761,0.979671562,0.979671562,0.017053881,0.016668165,0.017441827,1,2169687.708,2169825.963,4563.736321,9117.736321,2177450.237,2174234.175,2181690.168,2185930.099,2189322.043,2194409.96
df6.unpruned,-1079535.729,-1075983.787,-1218089.704,66,2277,1012,1265,35.01708649,7103.88313,0,284211.8327,2145,0,0.975004971,0.575002931,0.964899401,0.964899401,0.957617124,0.979364027,0.979299647,0.979299647,0.017068719,0.016683035,0.017456631,1,2161095.458,2161233.712,4573.88313,9127.88313,2168857.987,2165641.924,2173097.917,2177337.848,2180729.792,2185817.709
df7.unpruned,-1108048.574,-1104371.276,-1244606.65,66,2277,1012,1265,38.65688147,7354.597076,0,280470.7491,2145,0,0.973777668,0.574279138,0.962900168,0.962900168,0.955536046,0.978189571,0.978120612,0.978120612,0.017431321,0.017046408,0.017818446,1,2218121.148,2218259.403,4824.597076,9378.597076,2225883.677,2222667.614,2230123.608,2234363.538,2237755.483,2242843.399
df8.unpruned,-1103916.015,-1100242.512,-1237974.769,66,2277,1012,1265,38.13055226,7347.005658,0,275464.5148,2145,0,0.973328668,0.574014342,0.962267729,0.962267729,0.954774697,0.97781905,0.977747635,0.977747635,0.017420453,0.017035517,0.017807601,1,2209856.03,2209994.284,4817.005658,9371.005658,2217618.559,2214402.496,2221858.489,2226098.42,2229490.364,2234578.281
df9.unpruned,-1075592.981,-1071940.385,-1221832.677,66,2277,1012,1265,34.54882451,7305.192546,0,299784.5835,2145,0,0.975631861,0.575372636,0.965589034,0.965589034,0.958680111,0.979766177,0.979706353,0.979706353,0.017360468,0.016975407,0.017747743,1,2153209.962,2153348.217,4775.192546,9329.192546,2160972.491,2157756.429,2165212.422,2169452.352,2172844.297,2177932.214
df10.unpruned,-1071325.477,-1067684.787,-1215200.796,66,2277,1012,1265,34.00546004,7281.381083,0,295032.0189,2145,0,0.975320031,0.575188736,0.965168515,0.965168515,0.958151357,0.979519889,0.979458355,0.979458355,0.017326215,0.016941083,0.017713563,1,2144674.954,2144813.208,4751.381083,9305.381083,2152437.483,2149221.42,2156677.414,2160917.344,2164309.289,2169397.205
df11.unpruned,-1099937.128,-1096155.815,-1241717.742,66,2277,1012,1265,37.65772811,7562.626406,0,291123.8554,2145,0,0.97402265,0.574423614,0.963047179,0.963047179,0.955951449,0.978273472,0.978207311,0.978207311,0.01772656,0.017342239,0.018113078,1,2201898.256,2202036.51,5032.626406,9586.626406,2209660.785,2206444.722,2213900.715,2218140.646,2221532.59,2226620.507
df12.unpruned,-1095954.717,-1092075.859,-1235085.862,66,2277,1012,1265,37.15035346,7757.715647,0,286020.0047,2145,0,0.972877017,0.573747985,0.961217482,0.961217482,0.954008855,0.977198941,0.977128259,0.977128259,0.017999035,0.017615235,0.018385016,1,2193933.434,2194071.689,5227.715647,9781.715647,2201695.963,2198479.901,2205935.894,2210175.824,2213567.769,2218655.686
df13.unpruned,-1080066.501,-1076605.783,-1221686.541,66,2277,1012,1265,35.20485235,6921.437125,0,290161.5175,2145,0,0.976146261,0.575676,0.966698612,0.966698612,0.959552355,0.980420542,0.98036072,0.98036072,0.016799931,0.016413645,0.017188459,1,2162157.002,2162295.256,4391.437125,8945.437125,2169919.531,2166703.468,2174159.462,2178399.392,2181791.337,2186879.253
df14.unpruned,-1075792.403,-1072341.258,-1215054.66,66,2277,1012,1265,34.66065546,6902.290266,0,285426.8054,2145,0,0.975817652,0.575482205,0.966256627,0.966256627,0.958995149,0.980161689,0.980100062,0.980100062,0.016771474,0.016385122,0.017160069,1,2153608.806,2153747.06,4372.290266,8926.290266,2161371.335,2158155.272,2165611.265,2169851.196,2173243.14,2178331.057
df15.unpruned,-1104179.47,-1100580.5,-1241571.607,66,2277,1012,1265,38.28457235,7197.939546,0,281982.2135,2145,0,0.974473782,0.574689666,0.964049807,0.964049807,0.956716412,0.978865067,0.978798604,0.978798604,0.017205646,0.016820259,0.017593256,1,2210382.94,2210521.194,4667.939546,9221.939546,2218145.469,2214929.406,2222385.399,2226625.33,2230017.274,2235105.191
df16.unpruned,-1100077.231,-1096495.204,-1234939.726,66,2277,1012,1265,37.76207069,7164.053924,0,276889.0451,2145,0,0.974126626,0.574484933,0.963592501,0.963592501,0.956127756,0.978597463,0.978528911,0.978528911,0.017156441,0.016770948,0.017544159,1,2202178.461,2202316.716,4634.053924,9188.053924,2209940.99,2206724.927,2214180.921,2218420.851,2221812.796,2226900.713
df1.pruned,-1080908.911,-1074174.077,-1224867.72,66,2277,364,1913,35.10377906,13469.66847,0,301387.286,2145,0,0.955307775,0.851983111,0.956696598,0.956696598,0.949887704,0.961410148,0.961380229,0.961380229,0.019527207,0.019217006,0.019838793,1,2162545.822,2162562.99,9643.668474,14197.66847,2165337.878,2164181.112,2166862.912,2168387.947,2169607.974,2171438.015
df2.pruned,-1076760.767,-1069886.851,-1218235.839,66,2277,375,1902,34.57548238,13747.83048,0,296697.9756,2145,0,0.953663889,0.845626441,0.954645657,0.954645657,0.947743975,0.959816851,0.959783701,0.959783701,0.019827081,0.019516339,0.020139205,1,2154271.533,2154289.765,9943.830478,14497.83048,2157147.964,2155956.241,2158719.085,2160290.205,2161547.102,2163432.446
df3.pruned,-1105684.07,-1098492.299,-1244752.786,66,2277,358,1919,38.26709311,14383.54246,0,292520.9731,2145,0,0.950829022,0.850648435,0.952019145,0.952019145,0.945038172,0.957107853,0.95707447,0.95707447,0.020247993,0.019939092,0.020558245,1,2212084.141,2212100.741,10545.54246,15099.54246,2214830.173,2213692.475,2216330.07,2217829.966,2219029.883,2220829.759
df4.pruned,-1101143.648,-1094374.838,-1238120.905,66,2277,385,1892,37.68927581,13537.6194,0,287492.133,2145,0,0.95291134,0.840516669,0.953730453,0.953730453,0.9466146,0.959224041,0.959187887,0.959187887,0.019710699,0.019399003,0.020023788,1,2203057.296,2203076.525,9753.6194,14307.6194,2206010.432,2204786.93,2207623.449,2209236.466,2210526.88,2212462.5
df5.pruned,-1086879.531,-1080284.986,-1224721.584,66,2277,361,1916,35.94879885,13189.08929,0,288873.1966,2145,0,0.95434298,0.852457413,0.955984632,0.955984632,0.948886061,0.960715084,0.960683709,0.960683709,0.019271034,0.018960763,0.019582697,1,2174481.061,2174497.944,9357.089292,13911.08929,2177250.106,2176102.874,2178762.571,2180275.037,2181485.009,2183299.967
df6.pruned,-1082718.629,-1075983.787,-1218089.704,66,2277,368,1909,35.41889175,13469.68383,0,284211.8327,2145,0,0.952606886,0.847797923,0.953947536,0.953947536,0.946747915,0.959048644,0.959014381,0.959014381,0.01955105,0.019240554,0.019862933,1,2166173.258,2166190.809,9651.683834,14205.68383,2168995.996,2167826.519,2170537.789,2172079.582,2173313.016,2175163.168
df7.pruned,-1111173.096,-1104371.276,-1244606.65,66,2277,364,1913,39.05131713,13603.64134,0,280470.7491,2145,0,0.951497112,0.848584604,0.952902563,0.952902563,0.945614901,0.958031534,0.957996551,0.957996551,0.019640067,0.01933,0.019951515,1,2223074.193,2223091.36,9777.641344,14331.64134,2225866.248,2224709.483,2227391.283,2228916.317,2230136.344,2231966.386
df8.pruned,-1107252.263,-1100242.512,-1237974.769,66,2277,367,1910,38.55171592,14019.50155,0,275464.5148,2145,0,0.949105962,0.845124656,0.950243531,0.950243531,0.94284413,0.955732767,0.955694706,0.955694706,0.020004502,0.01969461,0.020315762,1,2215238.526,2215255.98,10199.50155,14753.50155,2218053.593,2216887.293,2219591.196,2221128.799,2222358.882,2224204.006
df9.pruned,-1078293.305,-1071940.385,-1221832.677,66,2277,364,1913,34.88970994,12705.84037,0,299784.5835,2145,0,0.957616765,0.854042365,0.959340935,0.959340935,0.952476718,0.963766801,0.963738558,0.963738558,0.018870859,0.018559832,0.019183297,1,2157314.61,2157331.778,8879.840374,13433.84037,2160106.666,2158949.9,2161631.7,2163156.735,2164376.762,2166206.803
df10.pruned,-1074079.953,-1067684.787,-1215200.796,66,2277,382,1895,34.35318156,12790.33317,0,295032.0189,2145,0,0.956647644,0.845150249,0.957892595,0.957892595,0.950928336,0.962831944,0.962800218,0.962800218,0.019050086,0.018737823,0.019363765,1,2148923.906,2148942.833,9000.333174,13554.33317,2151854.031,2150640.062,2153454.479,2155054.927,2156335.285,2158255.823
df11.pruned,-1102797.357,-1096155.815,-1241717.742,66,2277,365,1912,38.01879981,13283.08538,0,291123.8554,2145,0,0.954373078,0.850704581,0.955855636,0.955855636,0.948812894,0.960682506,0.960650805,0.960650805,0.019374848,0.019064382,0.019686706,1,2206324.715,2206341.978,9459.085377,14013.08538,2209124.441,2207964.498,2210653.665,2212182.889,2213406.268,2215241.337
df12.pruned,-1098447.799,-1092075.859,-1235085.862,66,2277,382,1895,37.46507691,12743.87934,0,286020.0047,2145,0,0.955444098,0.844086977,0.956741067,0.956741067,0.949566011,0.961816527,0.9617829,0.9617829,0.019009431,0.018697116,0.019323165,1,2197659.598,2197678.525,8953.879336,13507.87934,2200589.723,2199375.754,2202190.171,2203790.619,2205070.977,2206991.515
df13.pruned,-1083189.339,-1076605.783,-1221686.541,66,2277,358,1919,35.59907538,13167.1126,0,290161.5175,2145,0,0.954621437,0.854041277,0.956346951,0.956346951,0.949277219,0.960976914,0.960946293,0.960946293,0.019234621,0.018924547,0.019546087,1,2167094.678,2167111.278,9329.112602,13883.1126,2169840.711,2168703.012,2171340.607,2172840.503,2174040.42,2175840.296
df14.pruned,-1078916.949,-1072341.258,-1215054.66,66,2277,374,1903,35.05509412,13151.38196,0,285426.8054,2145,0,0.953923802,0.84630163,0.955243112,0.955243112,0.948064401,0.960326499,0.960292607,0.960292607,0.019315543,0.019004272,0.019628215,1,2158581.898,2158600.032,9345.381964,13899.38196,2161450.658,2160262.113,2163017.589,2164584.52,2165838.065,2167718.382
df15.pruned,-1106724.507,-1100580.5,-1241571.607,66,2277,382,1895,38.60585451,12288.01277,0,281982.2135,2145,0,0.956422738,0.844951556,0.957960836,0.957960836,0.950673759,0.962893655,0.962860505,0.962860505,0.01860576,0.018292901,0.018920052,1,2214213.013,2214231.94,8498.012771,13052.01277,2217143.138,2215929.169,2218743.586,2220344.034,2221624.392,2223544.93
df16.pruned,-1102981.973,-1096495.204,-1234939.726,66,2277,373,1904,38.12876158,12973.53766,0,276889.0451,2145,0,0.953145356,0.846055365,0.954609857,0.954609857,0.9472147,0.959744947,0.959709636,0.959709636,0.019156341,0.018844952,0.019469136,1,2206709.945,2206727.981,9165.537663,13719.53766,2209571.035,2208385.668,2211133.776,2212696.518,2213946.711,2215822
df1.stepup,-1080810.494,-1074174.077,-1224867.72,66,2277,365,1912,35.09135495,13272.83339,0,301387.286,2145,0,0.955960872,0.8521199,0.957408137,0.957408137,0.950594179,0.962064204,0.962034666,0.962034666,0.019366112,0.019055635,0.019677981,1,2162350.987,2162368.25,9448.833387,14002.83339,2165150.713,2163990.77,2166679.937,2168209.161,2169432.541,2171267.609
df2.stepup,-1076658.651,-1069886.851,-1218235.839,66,2277,376,1901,34.56259143,13543.59902,0,296697.9756,2145,0,0.954352236,0.845791889,0.955400324,0.955400324,0.948493186,0.960506382,0.960473667,0.960473667,0.019661434,0.019350418,0.019973839,1,2154069.302,2154087.632,9741.599023,14295.59902,2156953.403,2155758.502,2158528.713,2160104.024,2161364.272,2163254.644
df3.stepup,-1105288.859,-1098492.299,-1244752.786,66,2277,362,1915,38.21720209,13593.11906,0,292520.9731,2145,0,0.95353113,0.851287699,0.954952495,0.954952495,0.947950013,0.959814594,0.959782764,0.959782764,0.019619293,0.019309363,0.019930602,1,2211301.717,2211318.695,9763.119057,14317.11906,2214078.432,2212928.022,2215595.087,2217111.742,2218325.066,2220145.052
df4.stepup,-1101143.648,-1094374.838,-1238120.905,66,2277,385,1892,37.68927581,13537.6194,0,287492.133,2145,0,0.95291134,0.840516669,0.953730453,0.953730453,0.9466146,0.959224041,0.959187887,0.959187887,0.019710699,0.019399003,0.020023788,1,2203057.296,2203076.525,9753.6194,14307.6194,2206010.432,2204786.93,2207623.449,2209236.466,2210526.88,2212462.5
df5.stepup,-1086660.197,-1080284.986,-1224721.584,66,2277,362,1915,35.9211104,12750.42128,0,288873.1966,2145,0,0.955861529,0.853368218,0.957671399,0.957671399,0.950560302,0.962240419,0.96221013,0.96221013,0.018898172,0.018587343,0.019210409,1,2174044.393,2174061.371,8920.42128,13474.42128,2176821.108,2175670.699,2178337.763,2179854.418,2181067.742,2182887.728
df6.stepup,-1082619.807,-1075983.787,-1218089.704,66,2277,369,1908,35.40641652,13272.03871,0,284211.8327,2145,0,0.953302301,0.847972396,0.954707154,0.954707154,0.9475018,0.959745362,0.959711539,0.959711539,0.019389136,0.019078363,0.019701303,1,2165977.613,2165995.261,9456.038713,14010.03871,2168808.022,2167635.366,2170354.004,2171899.987,2173136.773,2174991.952
df7.stepup,-1110966.275,-1104371.276,-1244606.65,66,2277,366,1911,39.02520824,13189.99823,0,280470.7491,2145,0,0.952971929,0.849011355,0.954513371,0.954513371,0.94721339,0.959509591,0.959475549,0.959475549,0.019301284,0.018990646,0.019613318,1,2222664.549,2222681.908,9367.998235,13921.99823,2225471.946,2224308.825,2227005.36,2228538.773,2229765.504,2231605.601
df8.stepup,-1106916.624,-1100242.512,-1237974.769,66,2277,369,1908,38.50934531,13348.22398,0,275464.5148,2145,0,0.951542855,0.846407351,0.952944238,0.952944238,0.945523807,0.958179669,0.958143406,0.958143406,0.01945402,0.019143326,0.019766106,1,2214571.248,2214588.896,9532.223982,14086.22398,2217401.656,2216229.001,2218947.639,2220493.621,2221730.408,2223585.587
df9.stepup,-1078293.305,-1071940.385,-1221832.677,66,2277,364,1913,34.88970994,12705.84037,0,299784.5835,2145,0,0.957616765,0.854042365,0.959340935,0.959340935,0.952476718,0.963766801,0.963738558,0.963738558,0.018870859,0.018559832,0.019183297,1,2157314.61,2157331.778,8879.840374,13433.84037,2160106.666,2158949.9,2161631.7,2163156.735,2164376.762,2166206.803
df10.stepup,-1073831.845,-1067684.787,-1215200.796,66,2277,383,1894,34.32186069,12294.11659,0,295032.0189,2145,0,0.958329551,0.846189357,0.959785247,0.959785247,0.952807227,0.964521434,0.964491029,0.964491029,0.01861703,0.018304105,0.01893139,1,2148429.69,2148448.717,8506.116587,13060.11659,2151367.485,2150150.338,2152972.122,2154576.76,2155860.47,2157786.036
df11.stepup,-1102592.392,-1096155.815,-1241717.742,66,2277,367,1910,37.99292519,12873.15379,0,291123.8554,2145,0,0.955781179,0.851068555,0.957394725,0.957394725,0.950340643,0.962093262,0.962062436,0.962062436,0.019034101,0.018723043,0.019346564,1,2205918.783,2205936.238,9053.153786,13607.15379,2208733.851,2207567.551,2210271.454,2211809.057,2213039.14,2214884.264
df12.stepup,-1097540.875,-1092075.859,-1235085.862,66,2277,396,1881,37.35058803,10930.03204,0,286020.0047,2145,0,0.961785778,0.843412144,0.963649242,0.963649242,0.956422378,0.968152799,0.968123181,0.968123181,0.017425609,0.017109777,0.017742928,1,2195873.751,2195894.107,7168.032035,11722.03204,2198911.262,2197652.803,2200570.365,2202229.469,2203556.751,2205547.675
df13.stepup,-1082993.235,-1076605.783,-1221686.541,66,2277,360,1917,35.57431952,12774.90557,0,290161.5175,2145,0,0.955973123,0.854359196,0.957817351,0.957817351,0.950736749,0.962330921,0.962301101,0.962301101,0.018907899,0.018597244,0.019219959,1,2166706.471,2166723.259,8940.905568,13494.90557,2169467.844,2168323.791,2170976.12,2172484.396,2173691.016,2175500.947
df14.stepup,-1078367.199,-1072341.258,-1215054.66,66,2277,379,1898,34.98569444,12051.88293,0,285426.8054,2145,0,0.957775925,0.847486576,0.95949165,0.95949165,0.952281011,0.964187473,0.964156247,0.964156247,0.018375927,0.018062991,0.018690304,1,2157492.399,2157511.026,8255.882933,12809.88293,2160399.512,2159195.077,2161987.391,2163575.27,2164845.573,2166751.028
df15.stepup,-1105956.48,-1100580.5,-1241571.607,66,2277,394,1883,38.50889977,10751.95879,0,281982.2135,2145,0,0.961870082,0.84438292,0.963896929,0.963896929,0.956564697,0.968336367,0.968306721,0.968306721,0.017242191,0.016926211,0.017559663,1,2212700.959,2212721.108,6985.958791,11539.95879,2215723.13,2214471.026,2217373.854,2219024.577,2220345.157,2222326.025
df16.stepup,-1101661.222,-1096495.204,-1234939.726,66,2277,412,1865,37.96203177,10332.03723,0,276889.0451,2145,0,0.96268528,0.837020068,0.964555273,0.964555273,0.95708307,0.969213466,0.96918209,0.96918209,0.016928076,0.016610013,0.017247656,1,2204146.445,2204168.5,6602.037231,11156.03723,2207306.684,2205997.377,2209032.821,2210758.959,2212139.869,2214211.235
df1.pruned configural,-1075404.888,-1067425.309,-1215981.304,66,4554,728,3826,34.59442156,15959.15759,0,297111.99,4290,0,0.946285717,0.843936865,0.95353965,0.95353965,0.939771491,0.958630286,0.958564732,0.958564732,0.020034265,0.019712917,0.020356687,1,2152265.776,2152336.195,8307.157593,17415.15759,2157848.001,2155534.47,2160898.07,2163948.138,2166388.193,2170048.276
df2.pruned configural,-1071267.718,-1063208.621,-1209347.475,66,4554,750,3804,34.06602684,16118.19255,0,292277.7066,4290,0,0.944853158,0.837813849,0.951777605,0.951777605,0.937807583,0.9573126,0.957240562,0.957240562,0.020241453,0.019919627,0.020564361,1,2144035.435,2144110.281,8510.192555,17618.19255,2149786.354,2147402.909,2152928.595,2156070.836,2158584.629,2162355.318
df3.pruned configural,-1100118.911,-1091680.947,-1235941.353,66,4554,716,3838,37.7573912,16875.9277,0,288520.8123,4290,0,0.941508803,0.842310206,0.948726881,0.948726881,0.934620314,0.954201915,0.954129084,0.954129084,0.020735321,0.020415934,0.021055781,1,2201669.821,2201737.885,9199.927705,18307.9277,2207160.032,2204884.636,2210159.824,2213159.617,2215559.451,2219159.203
df4.pruned configural,-1095598.948,-1087623.892,-1229307.523,66,4554,770,3784,37.18054784,15950.11052,0,283367.262,4290,0,0.943712233,0.832402585,0.950576503,0.950576503,0.93618538,0.95648484,0.956405941,0.956405941,0.02017248,0.019849658,0.020496389,1,2192737.895,2192816.888,8382.11052,17490.11052,2198642.172,2196195.168,2201868.206,2205094.24,2207675.067,2211546.308
df5.pruned configural,-1081371.424,-1073452.133,-1215893.345,66,4554,722,3832,35.44041911,15838.58197,0,284882.4251,4290,0,0.944403092,0.843578706,0.952095618,0.952095618,0.937758159,0.957279616,0.957209886,0.957209886,0.019913881,0.019592519,0.020236316,1,2164186.847,2164256.083,8174.581965,17282.58197,2169723.065,2167428.601,2172747.996,2175772.926,2178192.871,2181822.788
df6.pruned configural,-1077147.835,-1069227.144,-1209259.516,66,4554,736,3818,34.90108677,15841.3819,0,280064.7428,4290,0,0.943436715,0.839636685,0.95101157,0.95101157,0.936444082,0.956475932,0.956401439,0.956401439,0.019964311,0.019642473,0.020287226,1,2155767.67,2155839.683,8205.381897,17313.3819,2161411.239,2159072.284,2164494.825,2167578.411,2170045.279,2173745.582
df7.pruned configural,-1105540.098,-1097483.412,-1235853.394,66,4554,728,3826,38.53436602,16113.37045,0,276739.9628,4290,0,0.941774327,0.839913421,0.949430981,0.949430981,0.934712981,0.954977128,0.954900451,0.954900451,0.020161181,0.019840108,0.020483328,1,2212536.195,2212606.614,8461.370446,17569.37045,2218118.42,2215804.889,2221168.489,2224218.558,2226658.613,2230318.695
df8.pruned configural,-1101658.915,-1093418.882,-1229219.564,66,4554,734,3820,38.03837068,16480.06554,0,271601.3645,4290,0,0.939322597,0.836413128,0.946812147,0.946812147,0.931857052,0.95272238,0.952639254,0.952639254,0.020480722,0.020160071,0.020802452,1,2204785.83,2204857.442,8840.065537,17948.06554,2210414.062,2208081.464,2213489.269,2216564.476,2219024.641,2222714.889
df9.pruned configural,-1072965.037,-1065244.156,-1212911.692,66,4554,728,3826,34.40134388,15441.76215,0,295335.0712,4290,0,0.947714431,0.845211052,0.955249305,0.955249305,0.941373474,0.960152999,0.960089473,0.960089473,0.019602449,0.019280125,0.019925845,1,2147386.075,2147456.493,7789.762146,16897.76215,2152968.3,2150654.769,2156018.368,2159068.437,2161508.492,2165168.574
df10.pruned configural,-1068744.637,-1061062.652,-1206277.862,66,4554,764,3790,33.86241499,15363.96842,0,290430.4199,4290,0,0.947099314,0.836714779,0.954215216,0.954215216,0.940120332,0.959621995,0.959551438,0.959551438,0.019659864,0.019336149,0.019984661,1,2139017.273,2139095.01,7783.968417,16891.96842,2144875.543,2142447.606,2148076.439,2151277.335,2153838.052,2157679.127
df11.pruned configural,-1097398.274,-1089407.161,-1232871.741,66,4554,730,3824,37.52877545,15982.22572,0,286929.1596,4290,0,0.944299054,0.841724844,0.951741116,0.951741116,0.937511229,0.95705403,0.956983223,0.956983223,0.020060194,0.019738819,0.020382644,1,2196256.547,2196327.363,8334.22572,17442.22572,2201854.108,2199534.221,2204912.556,2207971.004,2210417.762,2214087.9
df12.pruned configural,-1093028.87,-1085391.46,-1226237.911,66,4554,764,3790,36.97098777,15274.81825,0,281692.9011,4290,0,0.945774927,0.835544749,0.953136879,0.953136879,0.938621223,0.95867327,0.958598781,0.958598781,0.019584001,0.019260109,0.019908975,1,2187585.739,2187663.475,7694.818246,16802.81825,2193444.009,2191016.072,2196644.905,2199845.801,2202406.518,2206247.593
df13.pruned configural,-1077692.193,-1069838.608,-1212823.733,66,4554,716,3838,35.09047778,15707.17139,0,285970.2506,4290,0,0.945074107,0.845499865,0.952900497,0.952900497,0.938605503,0.957930469,0.957862962,0.957862962,0.019784118,0.019462714,0.020106591,1,2156816.386,2156884.45,8031.171386,17139.17139,2162306.597,2160031.201,2165306.39,2168306.183,2170706.017,2174305.768
df14.pruned configural,-1073432.952,-1065653.738,-1206189.903,66,4554,748,3806,34.54663294,15558.42626,0,281072.3298,4290,0,0.944646183,0.838070716,0.95213945,0.95213945,0.937606969,0.957613222,0.957539102,0.957539102,0.019769166,0.019446382,0.020093028,1,2148361.903,2148436.34,7946.426261,17054.42626,2154097.486,2151720.397,2157231.348,2160365.21,2162872.299,2166632.933
df15.pruned configural,-1101242.361,-1093768.535,-1232783.781,66,4554,764,3790,38.10614263,14947.6512,0,278030.4927,4290,0,0.946237368,0.835953292,0.953862738,0.953862738,0.939144672,0.959314355,0.959240041,0.959240041,0.019303042,0.018978475,0.019628687,1,2204012.721,2204090.458,7367.651203,16475.6512,2209870.991,2207443.054,2213071.887,2216272.783,2218833.5,2222674.576
df16.pruned configural,-1097524.472,-1089751.341,-1226149.952,66,4554,746,3808,37.63081477,15546.26251,0,272797.2231,4290,0,0.943011654,0.837060228,0.950749777,0.950749777,0.935798318,0.956361588,0.956283252,0.956283252,0.019752061,0.019429323,0.020075876,1,2196540.944,2196614.974,7930.262514,17038.26251,2202261.191,2199890.457,2205386.673,2208512.156,2211012.542,2214763.121
df1.stepup configural,-1075347.774,-1067425.309,-1215981.304,66,4554,730,3824,34.58719284,15844.92925,0,297111.99,4290,0,0.946670179,0.843838407,0.953945321,0.953945321,0.940171304,0.959013224,0.958947997,0.958947997,0.019946608,0.019624983,0.020269308,1,2152155.547,2152226.363,8196.929253,17304.92925,2157753.108,2155433.222,2160811.556,2163870.004,2166316.763,2169986.9
df2.stepup configural,-1071208.967,-1063208.621,-1209347.475,66,4554,752,3802,34.05859101,16000.69163,0,292277.7066,4290,0,0.945255176,0.837729645,0.952204778,0.952204778,0.938228486,0.957713279,0.957641624,0.957641624,0.0201516,0.019829497,0.020474785,1,2143921.934,2143997.189,8396.691631,17504.69163,2149688.189,2147298.388,2152838.809,2155989.43,2158509.926,2162290.67
df3.stepup configural,-1099794.254,-1091680.947,-1235941.353,66,4554,724,3830,37.71630059,16226.61384,0,288520.8123,4290,0,0.943759295,0.84256366,0.95114709,0.95114709,0.937004537,0.95645587,0.956385398,0.956385398,0.020240028,0.019919292,0.020561839,1,2201036.507,2201106.136,8566.61384,17674.61384,2206588.061,2204287.241,2209621.371,2212654.681,2215081.329,2218721.301
df4.stepup configural,-1095598.948,-1087623.892,-1229307.523,66,4554,770,3784,37.18054784,15950.11052,0,283367.262,4290,0,0.943712233,0.832402585,0.950576503,0.950576503,0.93618538,0.95648484,0.956405941,0.956405941,0.02017248,0.019849658,0.020496389,1,2192737.895,2192816.888,8382.11052,17490.11052,2198642.172,2196195.168,2201868.206,2205094.24,2207675.067,2211546.308
df5.stepup configural,-1081247.056,-1073452.133,-1215893.345,66,4554,724,3830,35.42467841,15589.84743,0,284882.4251,4290,0,0.945276205,0.843917917,0.953055549,0.953055549,0.938703634,0.958157815,0.95808922,0.95808922,0.01971335,0.01939145,0.020036321,1,2163942.113,2164011.742,7929.847432,17037.84743,2169493.666,2167192.847,2172526.976,2175560.286,2177986.934,2181626.906
df6.stepup configural,-1077092.332,-1069227.144,-1209259.516,66,4554,738,3816,34.89406199,15730.3763,0,280064.7428,4290,0,0.943833072,0.839549418,0.951430263,0.951430263,0.936856362,0.95687084,0.95679671,0.95679671,0.019878813,0.0195567,0.020202002,1,2155660.665,2155733.078,8098.376302,17206.3763,2161319.569,2158974.259,2164411.534,2167503.499,2169977.072,2173687.43
df7.stepup configural,-1105386.238,-1097483.412,-1235853.394,66,4554,732,3822,38.5148926,15805.65136,0,276739.9628,4290,0,0.942886271,0.84002595,0.95062933,0.95062933,0.935892753,0.956090646,0.956015221,0.956015221,0.019920866,0.019599099,0.020243707,1,2212236.476,2212307.689,8161.651356,17269.65136,2217849.373,2215523.13,2220916.2,2223983.027,2226436.489,2230116.682
df8.stepup configural,-1101474.711,-1093418.882,-1229219.564,66,4554,738,3816,38.01505668,16111.65762,0,271601.3645,4290,0,0.940679025,0.83674386,0.948288961,0.948288961,0.93331054,0.954083907,0.954002488,0.954002488,0.020194387,0.019872966,0.020516886,1,2204425.422,2204497.835,8479.657617,17587.65762,2210084.326,2207739.016,2213176.291,2216268.256,2218741.829,2222452.187
df9.stepup configural,-1072965.037,-1065244.156,-1212911.692,66,4554,728,3826,34.40134388,15441.76215,0,295335.0712,4290,0,0.947714431,0.845211052,0.955249305,0.955249305,0.941373474,0.960152999,0.960089473,0.960089473,0.019602449,0.019280125,0.019925845,1,2147386.075,2147456.493,7789.762146,16897.76215,2152968.3,2150654.769,2156018.368,2159068.437,2161508.492,2165168.574
df10.stepup configural,-1068620.173,-1061062.652,-1206277.862,66,4554,766,3788,33.84666215,15115.04199,0,290430.4199,4290,0,0.947956409,0.837030041,0.95516836,0.95516836,0.941059397,0.96048372,0.960414394,0.960414394,0.019454149,0.019129863,0.019779516,1,2138772.347,2138850.501,7539.041989,16647.04199,2144645.952,2142211.66,2147855.227,2151064.503,2153631.923,2157483.054
df11.stepup configural,-1097126.77,-1089407.161,-1232871.741,66,4554,734,3820,37.4944122,15439.21771,0,286929.1596,4290,0,0.946191535,0.842529525,0.953832274,0.953832274,0.939571122,0.958958524,0.958890276,0.958890276,0.019620756,0.019298221,0.019944363,1,2195721.539,2195793.151,7799.217707,16907.21771,2201349.772,2199017.173,2204424.978,2207500.185,2209960.35,2213650.598
df13.stepup configural,-1077548.249,-1069838.608,-1212823.733,66,4554,720,3834,35.07225927,15419.28257,0,285970.2506,4290,0,0.946080816,0.84551838,0.953979067,0.953979067,0.939667893,0.958937277,0.958870803,0.958870803,0.019556279,0.019234183,0.019879444,1,2156536.498,2156605.342,7751.282568,16859.28257,2162057.38,2159769.272,2165073.931,2168090.483,2170503.724,2174123.585
df12.stepup configural,-1092311.7,-1085391.46,-1226237.911,66,4554,792,3762,36.88021833,13840.47966,0,281692.9011,4290,0,0.950866779,0.833837021,0.958569276,0.958569276,0.943970888,0.963737463,0.963668442,0.963668442,0.018413955,0.018085841,0.018743137,1,2186207.401,2186291.091,6316.479656,15424.47966,2192280.371,2189763.453,2195598.577,2198916.784,2201571.349,2205553.197
df14.stepup configural,-1073044.136,-1065653.738,-1206189.903,66,4554,758,3796,34.49742196,14780.79435,0,281072.3298,4290,0,0.947412844,0.83831682,0.955147706,0.955147706,0.94056931,0.960383224,0.960312516,0.960312516,0.019137792,0.018813071,0.019463587,1,2147604.271,2147680.762,7188.794352,16296.79435,2153416.533,2151007.664,2156592.292,2159768.05,2162308.656,2166119.566
df15.stepup configural,-1100591.206,-1093768.535,-1232783.781,66,4554,788,3766,38.02372847,13645.3426,0,278030.4927,4290,0,0.950921417,0.834771575,0.958888249,0.958888249,0.944092639,0.963978776,0.963909824,0.963909824,0.018221446,0.017892955,0.018550998,1,2202758.413,2202841.239,6113.342602,15221.3426,2208800.712,2206296.505,2212102.16,2215403.607,2218044.766,2222006.503
df16.stepup configural,-1096275.845,-1089751.341,-1226149.952,66,4554,824,3730,37.47278073,13049.00858,0,272797.2231,4290,0,0.952165904,0.827873851,0.960082604,0.960082604,0.944984377,0.965365501,0.965293267,0.965293267,0.01778236,0.017450962,0.018114815,1,2194199.69,2194290.469,5589.008583,14697.00858,2200518.032,2197899.42,2203970.308,2207422.583,2210184.404,2214327.134
df1.pruned constrained,-1076389.018,-1067425.309,-1215981.304,66,4554,430,4124,34.71897922,17927.41765,0,297111.99,4290,0,0.939661076,0.903301231,0.950963262,0.950963262,0.937232303,0.952887428,0.95286072,0.95286072,0.020582255,0.020273828,0.020891681,1,2153638.036,2153662.15,9679.417649,18787.41765,2156935.229,2155568.721,2158736.781,2160538.332,2161979.574,2164141.435
df2.pruned constrained,-1072259.866,-1063208.621,-1209347.475,66,4554,441,4113,34.19159936,18102.48958,0,292277.7066,4290,0,0.938064077,0.899360734,0.949332847,0.949332847,0.935398709,0.951453147,0.95142331,0.95142331,0.020748206,0.020439688,0.021057725,1,2145401.732,2145427.113,9876.489579,18984.48958,2148783.273,2147381.807,2150630.91,2152478.548,2153956.658,2156173.824
df3.pruned constrained,-1101121.487,-1091680.947,-1235941.353,66,4554,424,4130,37.88428355,18881.08059,0,288520.8123,4290,0,0.934559034,0.899703686,0.946091168,0.946091168,0.932023791,0.948130952,0.948101754,0.948101754,0.021261596,0.020954656,0.021569532,1,2203090.974,2203114.412,10621.08059,19729.08059,2206342.16,2204994.719,2208118.574,2209894.987,2211316.118,2213447.814
df4.pruned constrained,-1096654.212,-1087623.892,-1229307.523,66,4554,451,4103,37.3141087,18060.63916,0,283367.262,4290,0,0.9362642,0.895452684,0.947707032,0.947707032,0.933359351,0.950019959,0.949986469,0.949986469,0.020749813,0.020440923,0.021059707,1,2194210.424,2194236.984,9854.639162,18962.63916,2197668.643,2196235.398,2199558.177,2201447.712,2202959.339,2205226.78
df5.pruned constrained,-1082354.545,-1073452.133,-1215893.345,66,4554,427,4127,35.56484917,17804.8258,0,284882.4251,4290,0,0.937501144,0.901880471,0.949328478,0.949328478,0.935032689,0.951282061,0.95125376,0.95125376,0.020480958,0.020172444,0.02079047,1,2165563.091,2165586.866,9550.825803,18658.8258,2168837.281,2167480.306,2170626.263,2172415.246,2173846.432,2175993.211
df6.pruned constrained,-1078138.524,-1069227.144,-1209259.516,66,4554,434,4120,35.02647457,17822.75992,0,280064.7428,4290,0,0.936362001,0.899256747,0.948261523,0.948261523,0.933736161,0.950342377,0.950311766,0.950311766,0.020517025,0.02020832,0.020826729,1,2157145.048,2157169.619,9582.759919,18690.75992,2160472.913,2159093.693,2162291.224,2164109.534,2165564.182,2167746.154
df7.pruned constrained,-1106546.433,-1097483.412,-1235853.394,66,4554,430,4124,38.66173417,18126.04182,0,276739.9628,4290,0,0.934501538,0.898341339,0.94653824,0.94653824,0.931865082,0.948638217,0.948606923,0.948606923,0.02072981,0.020421668,0.021038951,1,2213952.867,2213976.981,9878.041824,18986.04182,2217250.06,2215883.551,2219051.612,2220853.163,2222294.404,2224456.266
df8.pruned constrained,-1102670.755,-1093418.882,-1229219.564,66,4554,433,4121,38.16643554,18503.7464,0,271601.3645,4290,0,0.931871674,0.895161577,0.943988258,0.943988258,0.929077768,0.946228777,0.946194781,0.946194781,0.02101738,0.020709664,0.021326094,1,2206207.511,2206231.967,10261.7464,19369.7464,2209527.708,2208151.665,2211341.828,2213155.949,2214607.245,2216784.19
df9.pruned constrained,-1073941.067,-1065244.156,-1212911.692,66,4554,430,4124,34.52487626,17393.82082,0,295335.0712,4290,0,0.941104791,0.904689081,0.952571057,0.952571057,0.93873413,0.954432293,0.954406303,0.954406303,0.020180512,0.019871278,0.020490743,1,2148742.133,2148766.247,9145.820821,18253.82082,2152039.327,2150672.818,2153840.878,2155642.43,2157083.671,2159245.533
df10.pruned constrained,-1069733.513,-1061062.652,-1206277.862,66,4554,448,4106,33.98757342,17341.72178,0,290430.4199,4290,0,0.940289582,0.899960145,0.951671116,0.951671116,0.937613811,0.953773689,0.953743963,0.953743963,0.020198695,0.019888823,0.020509569,1,2140363.027,2140389.23,9129.721776,18237.72178,2143798.242,2142374.531,2145675.207,2147552.173,2149053.745,2151306.103
df11.pruned constrained,-1098393.634,-1089407.161,-1232871.741,66,4554,431,4123,37.65475453,17972.94721,0,286929.1596,4290,0,0.937361029,0.900871684,0.949012967,0.949012967,0.93482387,0.951026713,0.950997777,0.950997777,0.020619416,0.020311024,0.020928807,1,2197649.269,2197673.497,9726.947213,18834.94721,2200954.13,2199584.443,2202759.871,2204565.612,2206010.205,2208177.095
df12.pruned constrained,-1094062.077,-1085391.46,-1226237.911,66,4554,448,4106,37.10175697,17341.23321,0,281692.9011,4290,0,0.938439225,0.898189151,0.950150714,0.950150714,0.935680535,0.952320397,0.952288771,0.952288771,0.020198322,0.019888449,0.020509197,1,2189020.154,2189046.358,9129.233207,18237.23321,2192455.37,2191031.658,2194332.335,2196209.3,2197710.873,2199963.231
df13.pruned constrained,-1078651.521,-1069838.608,-1212823.733,66,4554,424,4130,35.21189627,17625.82643,0,285970.2506,4290,0,0.938364825,0.903367536,0.950231984,0.950231984,0.935977022,0.952115333,0.952088134,0.952088134,0.02033685,0.02002816,0.020646537,1,2158151.041,2158174.479,9365.826426,18473.82643,2161402.228,2160054.786,2163178.641,2164955.055,2166376.186,2168507.882
df14.pruned constrained,-1074386.154,-1065653.738,-1206189.903,66,4554,440,4114,34.66727624,17464.83172,0,281072.3298,4290,0,0.937863568,0.899387114,0.949700581,0.949700581,0.935205325,0.9517948,0.951764147,0.951764147,0.020266604,0.019957172,0.020577036,1,2149652.309,2149677.573,9236.831721,18344.83172,2153026.181,2151627.893,2154869.629,2156713.077,2158187.836,2160399.973
df15.pruned constrained,-1102260.084,-1093768.535,-1232783.781,66,4554,448,4106,38.23495211,16983.09861,0,278030.4927,4290,0,0.938916417,0.898645876,0.950850701,0.950850701,0.936179111,0.952990335,0.952958737,0.952958737,0.019923173,0.01961272,0.020234627,1,2205416.169,2205442.372,8771.098605,17879.09861,2208851.384,2207427.673,2210728.35,2212605.315,2214106.887,2216359.246
df16.pruned constrained,-1098542.011,-1089751.341,-1226149.952,66,4554,439,4115,37.75960097,17581.34197,0,272797.2231,4290,0,0.935551609,0.897388082,0.947714518,0.947714518,0.932810791,0.949880041,0.949847375,0.949847375,0.020351615,0.020042393,0.020661837,1,2197962.023,2197987.171,9351.341967,18459.34197,2201328.227,2199933.117,2203167.486,2205006.744,2206478.151,2208685.261
df1.stepup constrained,-1076339.727,-1067425.309,-1215981.304,66,4554,431,4123,34.7127407,17828.83664,0,297111.99,4290,0,0.939992874,0.903401077,0.951298109,0.951298109,0.937562316,0.953220643,0.953193964,0.953193964,0.020511862,0.020203259,0.020821463,1,2153541.455,2153565.683,9582.836641,18690.83664,2156846.316,2155476.63,2158652.057,2160457.799,2161902.392,2164069.281
df2.stepup constrained,-1072209.164,-1063208.621,-1209347.475,66,4554,442,4112,34.18518212,18001.08425,0,292277.7066,4290,0,0.938411025,0.899474624,0.949684262,0.949684262,0.935744966,0.951801745,0.951771954,0.951771954,0.020676128,0.020367435,0.020985824,1,2145302.327,2145327.824,9777.084251,18885.08425,2148691.535,2147286.891,2150543.363,2152395.19,2153876.652,2156098.845
df3.stepup constrained,-1100804.085,-1091680.947,-1235941.353,66,4554,428,4126,37.84411119,18246.27688,0,288520.8123,4290,0,0.936759235,0.900948392,0.948346456,0.948346456,0.934245545,0.950349738,0.95032109,0.95032109,0.020812103,0.020504192,0.021121012,1,2202464.17,2202488.058,9994.276882,19102.27688,2205746.028,2204385.875,2207539.2,2209332.372,2210766.91,2212918.717
df4.stepup constrained,-1096654.212,-1087623.892,-1229307.523,66,4554,451,4103,37.3141087,18060.63916,0,283367.262,4290,0,0.9362642,0.895452684,0.947707032,0.947707032,0.933359351,0.950019959,0.949986469,0.949986469,0.020749813,0.020440923,0.021059707,1,2194210.424,2194236.984,9854.639162,18962.63916,2197668.643,2196235.398,2199558.177,2201447.712,2202959.339,2205226.78
df5.stepup constrained,-1082225.675,-1073452.133,-1215893.345,66,4554,428,4126,35.54853848,17547.08426,0,284882.4251,4290,0,0.938405873,0.902532082,0.950267564,0.950267564,0.935957633,0.952196698,0.952168758,0.952168758,0.020290286,0.019981352,0.020600217,1,2165307.349,2165331.237,9295.084264,18403.08426,2168589.207,2167229.054,2170382.379,2172175.552,2173610.089,2175761.896
df6.stepup constrained,-1078091.107,-1069227.144,-1209259.516,66,4554,435,4119,35.02047316,17727.92552,0,280064.7428,4290,0,0.936700617,0.899363599,0.948603346,0.948603346,0.934072747,0.950682604,0.950652024,0.950652024,0.020449137,0.020140261,0.020759013,1,2157052.214,2157076.9,9489.925519,18597.92552,2160387.747,2159005.349,2162210.247,2164032.747,2165490.746,2167677.746
df7.stepup constrained,-1106400.012,-1097483.412,-1235853.394,66,4554,432,4122,38.64320213,17833.19853,0,276739.9628,4290,0,0.935559728,0.898922424,0.947623319,0.947623319,0.932933341,0.949705447,0.949674434,0.949674434,0.020518362,0.020209735,0.020827988,1,2213664.023,2213688.365,9589.198528,18697.19853,2216976.553,2215603.688,2218786.483,2220596.414,2222044.359,2224216.276
df8.stepup constrained,-1102488.436,-1093418.882,-1229219.564,66,4554,435,4119,38.14336002,18139.10706,0,271601.3645,4290,0,0.933214227,0.896016177,0.945373999,0.945373999,0.93044162,0.947584929,0.947551399,0.947551399,0.020755765,0.020447485,0.021065044,1,2205846.871,2205871.557,9901.107062,19009.10706,2209182.404,2207800.006,2211004.904,2212827.404,2214285.404,2216472.403
df9.stepup constrained,-1073941.067,-1065244.156,-1212911.692,66,4554,430,4124,34.52487626,17393.82082,0,295335.0712,4290,0,0.941104791,0.904689081,0.952571057,0.952571057,0.93873413,0.954432293,0.954406303,0.954406303,0.020180512,0.019871278,0.020490743,1,2148742.133,2148766.247,9145.820821,18253.82082,2152039.327,2150672.818,2153840.878,2155642.43,2157083.671,2159245.533
df10.stepup constrained,-1069611.321,-1061062.652,-1206277.862,66,4554,449,4105,33.97210805,17097.33812,0,290430.4199,4290,0,0.941131035,0.900546131,0.95254825,0.95254825,0.938477988,0.954623875,0.954594537,0.954594537,0.02001456,0.019704265,0.020325857,1,2140120.643,2140146.965,8887.338123,17995.33812,2143563.526,2142136.637,2145444.681,2147325.836,2148830.76,2151088.146
df11.stepup constrained,-1098118.877,-1089407.161,-1232871.741,66,4554,433,4121,37.61997947,17423.4317,0,286929.1596,4290,0,0.93927619,0.902274401,0.951004817,0.951004817,0.936785939,0.952963056,0.95293493,0.95293493,0.020212647,0.019903367,0.020522925,1,2197103.753,2197128.209,9181.431702,18289.4317,2200423.95,2199047.908,2202238.071,2204052.191,2205503.488,2207680.432
df12.stepup constrained,-1093366.791,-1085391.46,-1226237.911,66,4554,462,4092,37.01375724,15950.66145,0,281692.9011,4290,0,0.943375707,0.899835289,0.955182633,0.955182633,0.940635822,0.957281618,0.957251127,0.957251127,0.019151773,0.018839032,0.019465511,1,2187657.582,2187685.473,7766.661455,16874.66145,2191200.148,2189731.946,2193135.769,2195071.389,2196619.886,2198942.63
df13.stepup constrained,-1078515.154,-1069838.608,-1212823.733,66,4554,426,4128,35.19463683,17353.09267,0,285970.2506,4290,0,0.939318539,0.903847769,0.951206729,0.951206729,0.936937144,0.953076259,0.953049273,0.953049273,0.020136709,0.019827534,0.02044688,1,2157882.308,2157905.97,9097.092668,18205.09267,2161148.83,2159795.033,2162933.623,2164718.415,2166146.25,2168288.001
df14.stepup constrained,-1074017.993,-1065653.738,-1206189.903,66,4554,445,4109,34.62067943,16728.50898,0,281072.3298,4290,0,0.940483259,0.900803196,0.952397995,0.952397995,0.937861568,0.954436174,0.954406378,0.954406378,0.019715697,0.019404905,0.020027487,1,2148925.986,2148951.835,8510.508979,17618.50898,2152338.198,2150924.02,2154202.594,2156066.99,2157558.508,2159795.783
df15.stepup constrained,-1101624.074,-1093768.535,-1232783.781,66,4554,460,4094,38.15445464,15711.07763,0,278030.4927,4290,0,0.94349153,0.900385624,0.955529982,0.955529982,0.940786191,0.957592077,0.957561713,0.957561713,0.01895106,0.018637902,0.019265209,1,2204168.148,2204195.794,7523.077626,16631.07763,2207695.378,2206233.532,2209622.619,2211549.86,2213091.653,2215404.343
df16.stepup constrained,-1097347.378,-1089751.341,-1226149.952,66,4554,478,4076,37.60840072,15192.07562,0,272797.2231,4290,0,0.944310006,0.897204565,0.956426882,0.956426882,0.941386145,0.958633429,0.95860046,0.95860046,0.018578799,0.018263997,0.01889459,1,2195650.757,2195680.641,7040.075619,16148.07562,2199316.009,2197796.96,2201318.664,2203321.319,2204923.443,2207326.629